{"loss": 0.0020094108767807484, "_timestamp": 1676035070.8689268, "_runtime": 459.0177478790283, "_step": 999, "_wandb": {"runtime": 458}}