{"loss": 0.00015871465438976884, "_timestamp": 1675943401.575732, "_runtime": 266.5551040172577, "_step": 999, "_wandb": {"runtime": 266}}