{"loss": 0.0019670401234179735, "_timestamp": 1676032719.4258983, "_runtime": 461.2400963306427, "_step": 999, "_wandb": {"runtime": 460}}