{"loss": 8.319318294525146e-05, "_timestamp": 1675939309.548679, "_runtime": 2151.0803701877594, "_step": 406, "_wandb": {"runtime": 2155}}