{"loss": 0.0002448239829391241, "_timestamp": 1676023722.7659366, "_runtime": 463.55041670799255, "_step": 999, "_wandb": {"runtime": 463}}